CollectedDate,Path,Title,TotalViews,UniqueVisitors
"2026-04-05","/ZacharyLuz/Get-AzPaaSAvailability","Overview",18,2
"2026-04-05","/ZacharyLuz/Get-AzPaaSAvailability/pull/1","/pull/1",5,1
"2026-04-05","/ZacharyLuz/Get-AzPaaSAvailability/blob/main/docs/BUILD-Get-AzPaaSAvailability.md","/blob/main/docs/BUILD-Get-AzPaaSAvailability.md",4,4
"2026-04-05","/ZacharyLuz/Get-AzPaaSAvailability/tree/master/AzPaaSAvailability","/tree/master/AzPaaSAvailability",4,1
"2026-04-05","/ZacharyLuz/Get-AzPaaSAvailability/blob/master/Get-AzPaaSAvailability.ps1","/blob/master/Get-AzPaaSAvailability.ps1",3,1
"2026-04-05","/ZacharyLuz/Get-AzPaaSAvailability/pulls","/pulls",3,1
"2026-04-05","/ZacharyLuz/Get-AzPaaSAvailability/tree/master","/tree/master",3,1
"2026-04-05","/ZacharyLuz/Get-AzPaaSAvailability/pull/2","/pull/2",2,1
"2026-04-05","/ZacharyLuz/Get-AzPaaSAvailability/tree/main/AzPaaSAvailability","/tree/main/AzPaaSAvailability",2,1
"2026-04-05","/ZacharyLuz/Get-AzPaaSAvailability/tree/master/AzPaaSAvailability/Public","/tree/master/AzPaaSAvailability/Public",2,1
"2026-04-06","/ZacharyLuz/Get-AzPaaSAvailability","Overview",18,2
"2026-04-06","/ZacharyLuz/Get-AzPaaSAvailability/pull/1","/pull/1",5,1
"2026-04-06","/ZacharyLuz/Get-AzPaaSAvailability/blob/main/docs/BUILD-Get-AzPaaSAvailability.md","/blob/main/docs/BUILD-Get-AzPaaSAvailability.md",4,4
"2026-04-06","/ZacharyLuz/Get-AzPaaSAvailability/tree/master/AzPaaSAvailability","/tree/master/AzPaaSAvailability",4,1
"2026-04-06","/ZacharyLuz/Get-AzPaaSAvailability/blob/master/Get-AzPaaSAvailability.ps1","/blob/master/Get-AzPaaSAvailability.ps1",3,1
"2026-04-06","/ZacharyLuz/Get-AzPaaSAvailability/pulls","/pulls",3,1
"2026-04-06","/ZacharyLuz/Get-AzPaaSAvailability/tree/master","/tree/master",3,1
"2026-04-06","/ZacharyLuz/Get-AzPaaSAvailability/pull/2","/pull/2",2,1
"2026-04-06","/ZacharyLuz/Get-AzPaaSAvailability/tree/main/AzPaaSAvailability","/tree/main/AzPaaSAvailability",2,1
"2026-04-06","/ZacharyLuz/Get-AzPaaSAvailability/tree/master/AzPaaSAvailability/Public","/tree/master/AzPaaSAvailability/Public",2,1
"2026-04-07","/ZacharyLuz/Get-AzPaaSAvailability","Overview",19,3
"2026-04-07","/ZacharyLuz/Get-AzPaaSAvailability/pull/1","/pull/1",5,1
"2026-04-07","/ZacharyLuz/Get-AzPaaSAvailability/blob/main/docs/BUILD-Get-AzPaaSAvailability.md","/blob/main/docs/BUILD-Get-AzPaaSAvailability.md",4,4
"2026-04-07","/ZacharyLuz/Get-AzPaaSAvailability/tree/master/AzPaaSAvailability","/tree/master/AzPaaSAvailability",4,1
"2026-04-07","/ZacharyLuz/Get-AzPaaSAvailability/blob/master/Get-AzPaaSAvailability.ps1","/blob/master/Get-AzPaaSAvailability.ps1",3,1
"2026-04-07","/ZacharyLuz/Get-AzPaaSAvailability/pulls","/pulls",3,1
"2026-04-07","/ZacharyLuz/Get-AzPaaSAvailability/tree/master","/tree/master",3,1
"2026-04-07","/ZacharyLuz/Get-AzPaaSAvailability/pulse","/pulse",2,2
"2026-04-07","/ZacharyLuz/Get-AzPaaSAvailability/pull/2","/pull/2",2,1
"2026-04-07","/ZacharyLuz/Get-AzPaaSAvailability/tree/main/AzPaaSAvailability","/tree/main/AzPaaSAvailability",2,1
"2026-04-08","/ZacharyLuz/Get-AzPaaSAvailability","Overview",19,3
"2026-04-08","/ZacharyLuz/Get-AzPaaSAvailability/pull/1","/pull/1",5,1
"2026-04-08","/ZacharyLuz/Get-AzPaaSAvailability/blob/main/docs/BUILD-Get-AzPaaSAvailability.md","/blob/main/docs/BUILD-Get-AzPaaSAvailability.md",4,4
"2026-04-08","/ZacharyLuz/Get-AzPaaSAvailability/tree/master/AzPaaSAvailability","/tree/master/AzPaaSAvailability",4,1
"2026-04-08","/ZacharyLuz/Get-AzPaaSAvailability/blob/master/Get-AzPaaSAvailability.ps1","/blob/master/Get-AzPaaSAvailability.ps1",3,1
"2026-04-08","/ZacharyLuz/Get-AzPaaSAvailability/pulls","/pulls",3,1
"2026-04-08","/ZacharyLuz/Get-AzPaaSAvailability/tree/master","/tree/master",3,1
"2026-04-08","/ZacharyLuz/Get-AzPaaSAvailability/pulse","/pulse",2,2
"2026-04-08","/ZacharyLuz/Get-AzPaaSAvailability/pull/2","/pull/2",2,1
"2026-04-08","/ZacharyLuz/Get-AzPaaSAvailability/tree/main/AzPaaSAvailability","/tree/main/AzPaaSAvailability",2,1
"2026-04-09","/ZacharyLuz/Get-AzPaaSAvailability","Overview",21,3
"2026-04-09","/ZacharyLuz/Get-AzPaaSAvailability/pull/1","/pull/1",5,1
"2026-04-09","/ZacharyLuz/Get-AzPaaSAvailability/blob/main/docs/BUILD-Get-AzPaaSAvailability.md","/blob/main/docs/BUILD-Get-AzPaaSAvailability.md",4,4
"2026-04-09","/ZacharyLuz/Get-AzPaaSAvailability/tree/master/AzPaaSAvailability","/tree/master/AzPaaSAvailability",4,1
"2026-04-09","/ZacharyLuz/Get-AzPaaSAvailability/blob/master/Get-AzPaaSAvailability.ps1","/blob/master/Get-AzPaaSAvailability.ps1",3,1
"2026-04-09","/ZacharyLuz/Get-AzPaaSAvailability/pulls","/pulls",3,1
"2026-04-09","/ZacharyLuz/Get-AzPaaSAvailability/tree/master","/tree/master",3,1
"2026-04-09","/ZacharyLuz/Get-AzPaaSAvailability/pulse","/pulse",2,2
"2026-04-09","/ZacharyLuz/Get-AzPaaSAvailability/pull/2","/pull/2",2,1
"2026-04-09","/ZacharyLuz/Get-AzPaaSAvailability/tree/main/AzPaaSAvailability","/tree/main/AzPaaSAvailability",2,1
"2026-04-10","/ZacharyLuz/Get-AzPaaSAvailability","Overview",21,3
"2026-04-10","/ZacharyLuz/Get-AzPaaSAvailability/pull/1","/pull/1",5,1
"2026-04-10","/ZacharyLuz/Get-AzPaaSAvailability/blob/main/docs/BUILD-Get-AzPaaSAvailability.md","/blob/main/docs/BUILD-Get-AzPaaSAvailability.md",4,4
"2026-04-10","/ZacharyLuz/Get-AzPaaSAvailability/tree/master/AzPaaSAvailability","/tree/master/AzPaaSAvailability",4,1
"2026-04-10","/ZacharyLuz/Get-AzPaaSAvailability/blob/master/Get-AzPaaSAvailability.ps1","/blob/master/Get-AzPaaSAvailability.ps1",3,1
"2026-04-10","/ZacharyLuz/Get-AzPaaSAvailability/pulls","/pulls",3,1
"2026-04-10","/ZacharyLuz/Get-AzPaaSAvailability/tree/master","/tree/master",3,1
"2026-04-10","/ZacharyLuz/Get-AzPaaSAvailability/pulse","/pulse",2,2
"2026-04-10","/ZacharyLuz/Get-AzPaaSAvailability/pull/2","/pull/2",2,1
"2026-04-10","/ZacharyLuz/Get-AzPaaSAvailability/tree/main/AzPaaSAvailability","/tree/main/AzPaaSAvailability",2,1
"2026-04-11","/ZacharyLuz/Get-AzPaaSAvailability","Overview",21,3
"2026-04-11","/ZacharyLuz/Get-AzPaaSAvailability/pull/1","/pull/1",5,1
"2026-04-11","/ZacharyLuz/Get-AzPaaSAvailability/blob/main/docs/BUILD-Get-AzPaaSAvailability.md","/blob/main/docs/BUILD-Get-AzPaaSAvailability.md",4,4
"2026-04-11","/ZacharyLuz/Get-AzPaaSAvailability/tree/master/AzPaaSAvailability","/tree/master/AzPaaSAvailability",4,1
"2026-04-11","/ZacharyLuz/Get-AzPaaSAvailability/blob/master/Get-AzPaaSAvailability.ps1","/blob/master/Get-AzPaaSAvailability.ps1",3,1
"2026-04-11","/ZacharyLuz/Get-AzPaaSAvailability/pulls","/pulls",3,1
"2026-04-11","/ZacharyLuz/Get-AzPaaSAvailability/tree/master","/tree/master",3,1
"2026-04-11","/ZacharyLuz/Get-AzPaaSAvailability/pulse","/pulse",2,2
"2026-04-11","/ZacharyLuz/Get-AzPaaSAvailability/pull/2","/pull/2",2,1
"2026-04-11","/ZacharyLuz/Get-AzPaaSAvailability/tree/main/AzPaaSAvailability","/tree/main/AzPaaSAvailability",2,1
